<TICKER>;<PER>;<DATE>;<TIME>;<OPEN>;<HIGH>;<LOW>;<CLOSE>;<VOL>
MOEX;D;230103;000000;9300;9483;9300;9446;1303
MOEX;D;230104;000000;9439;9552;9400;9516;1520
MOEX;D;230105;000000;9554;9632;9491;9594;1740
MOEX;D;230106;000000;9595;9649;9488;9534;1888
MOEX;D;230109;000000;9504;9600;9488;9559;1467
MOEX;D;230110;000000;9555;9555;9452;9511;1439
MOEX;D;230111;000000;9510;9874;9486;9858;2785
MOEX;D;230112;000000;9845;9928;9763;9816;1588
MOEX;D;230113;000000;9825;9928;9772;9891;861
MOEX;D;230116;000000;9895;10505;9895;10478;4929
MOEX;D;230117;000000;10463;10531;10227;10282;4882
MOEX;D;230118;000000;10261;10396;10239;10295;1753
MOEX;D;230119;000000;10289;10316;10007;10040;3129
MOEX;D;230120;000000;10047;10170;10000;10160;1815
MOEX;D;230123;000000;10199;10261;10101;10222;1357
MOEX;D;230124;000000;10225;10465;10204;10272;2717
MOEX;D;230125;000000;10226;10380;10213;10374;1211
MOEX;D;230126;000000;10370;10529;10319;10454;2578
MOEX;D;230127;000000;10444;10533;10404;10474;1372
MOEX;D;230130;000000;10496;10545;10409;10491;860
MOEX;D;230131;000000;10478;10960;10457;10818;4715
MOEX;D;230201;000000;10804;10933;10647;10845;1729
MOEX;D;230202;000000;10844;10975;10788;10824;2692
MOEX;D;230203;000000;10830;10927;10681;10830;4117
MOEX;D;230206;000000;10831;11066;10736;11064;3826
MOEX;D;230207;000000;11056;11133;10900;10948;3928
MOEX;D;230208;000000;10985;11060;10839;10880;2530
MOEX;D;230209;000000;10888;10925;10736;10860;1411
MOEX;D;230210;000000;10859;10893;10791;10891;534
MOEX;D;230213;000000;10872;10955;10841;10880;596
MOEX;D;230214;000000;10862;10908;10700;10710;1662
MOEX;D;230215;000000;10700;10705;10183;10355;5782
MOEX;D;230216;000000;10399;10589;10332;10468;3313
MOEX;D;230217;000000;10395;10772;10346;10748;3579
MOEX;D;230220;000000;10800;10800;10500;10681;4486
MOEX;D;230221;000000;10637;11087;10584;10973;5622
MOEX;D;230222;000000;10997;11002;10757;10867;2703
MOEX;D;230224;000000;10899;11123;10799;11064;2301
MOEX;D;230227;000000;11030;11634;10982;11590;5838
MOEX;D;230228;000000;11589;11663;11450;11561;3510
MOEX;D;230301;000000;11591;11763;11508;11725;4211
MOEX;D;230302;000000;11715;11796;11504;11550;6751
MOEX;D;230303;000000;11556;11815;11554;11787;3803
MOEX;D;230306;000000;11815;12390;11815;12390;10023
MOEX;D;230307;000000;12395;12482;12252;12325;8640
MOEX;D;230309;000000;12351;12459;12173;12316;6959
MOEX;D;230310;000000;12299;12379;11655;11687;22941
MOEX;D;230313;000000;11702;11744;11244;11395;11222
MOEX;D;230314;000000;11390;11468;11264;11359;3852
MOEX;D;230315;000000;11275;11339;11020;11090;2864
MOEX;D;230316;000000;11074;11139;10877;11127;4739
MOEX;D;230317;000000;11126;11359;11074;11211;8514
MOEX;D;230320;000000;11219;11351;11100;11264;5759
MOEX;D;230321;000000;11301;11321;11125;11130;4593
MOEX;D;230322;000000;11114;11240;11110;11168;2123
MOEX;D;230323;000000;11169;11219;11081;11082;2711
MOEX;D;230324;000000;11104;11190;10985;11061;4032
MOEX;D;230327;000000;11073;11182;11040;11072;2472
MOEX;D;230328;000000;11089;11135;10973;11002;2381
MOEX;D;230329;000000;11019;11080;10945;11021;2421
MOEX;D;230330;000000;11053;11056;10980;10995;1060
MOEX;D;230331;000000;11024;11095;10885;11035;5304
MOEX;D;230403;000000;11084;11200;11049;11148;3702
MOEX;D;230404;000000;11116;11249;10992;11023;5157
MOEX;D;230405;000000;11018;11044;10921;11007;1595
MOEX;D;230406;000000;10996;11104;10933;10950;2615
MOEX;D;230407;000000;10933;10978;10844;10976;2338
MOEX;D;230410;000000;10978;11055;10944;10980;2286
MOEX;D;230411;000000;10979;10995;10850;10850;3164
MOEX;D;230412;000000;10850;10919;10750;10832;3284
MOEX;D;230413;000000;10832;10835;10758;10819;1704
MOEX;D;230414;000000;10830;10960;10711;10917;5529
MOEX;D;230417;000000;10932;11017;10927;10958;2559
MOEX;D;230418;000000;10974;10989;10856;10933;2519
MOEX;D;230419;000000;10931;10966;10725;10804;3247
MOEX;D;230420;000000;10847;10983;10693;10788;3946
MOEX;D;230421;000000;10806;10846;10761;10817;1881
MOEX;D;230424;000000;10811;10885;10771;10779;1606
MOEX;D;230425;000000;10779;10788;10743;10773;1023
MOEX;D;230426;000000;10781;10869;10772;10821;1574
MOEX;D;230427;000000;10813;10816;10736;10770;1680
MOEX;D;230428;000000;10772;11000;10740;10931;6547
MOEX;D;230502;000000;10950;10989;10600;10700;3724
MOEX;D;230503;000000;10710;10759;10421;10466;7638
MOEX;D;230504;000000;10465;10739;10417;10739;3340
MOEX;D;230505;000000;10725;10950;10704;10756;3806
MOEX;D;230508;000000;10784;10849;10574;10595;2822
MOEX;D;230510;000000;10666;10921;10581;10891;3663
MOEX;D;230511;000000;10881;10963;10550;10753;4334
MOEX;D;230512;000000;10769;10824;10575;10633;2624
MOEX;D;230515;000000;10632;10905;10631;10848;1896
MOEX;D;230516;000000;10871;11095;10870;10980;4350
MOEX;D;230517;000000;10973;11114;10957;11055;2448
MOEX;D;230518;000000;11050;11079;10913;10994;1955
MOEX;D;230519;000000;10989;11103;10891;11096;3369
MOEX;D;230522;000000;11096;11330;11096;11224;4468
MOEX;D;230523;000000;11233;11233;11000;11160;4328
MOEX;D;230524;000000;11189;11189;11026;11130;2056
MOEX;D;230525;000000;11148;11245;11062;11116;2567
MOEX;D;230526;000000;11157;11273;11111;11212;1051
MOEX;D;230529;000000;11219;11377;11219;11322;2997
MOEX;D;230530;000000;11252;11265;10283;11083;5445
MOEX;D;230531;000000;11073;11337;10930;11221;3153
MOEX;D;230601;000000;11220;11424;11143;11181;2931
MOEX;D;230602;000000;11152;11834;11148;11682;9549
MOEX;D;230605;000000;11682;11962;11412;11591;5698
MOEX;D;230606;000000;11529;11769;11404;11734;3864
MOEX;D;230607;000000;11770;11995;11662;11824;3877
MOEX;D;230608;000000;11801;11940;11724;11880;2627
MOEX;D;230609;000000;11900;12262;11857;12186;6321
MOEX;D;230613;000000;12124;12372;12008;12241;3456
MOEX;D;230614;000000;12392;12543;12387;12540;2087
MOEX;D;230615;000000;12540;12616;12405;12541;3416
MOEX;D;230616;000000;12565;12565;12450;12486;1478
MOEX;D;230619;000000;12485;12587;12306;12503;5722
MOEX;D;230620;000000;12464;12578;12400;12482;2875
MOEX;D;230621;000000;12477;12635;12431;12532;2121
MOEX;D;230622;000000;12534;12604;12392;12459;1893
MOEX;D;230623;000000;12425;12438;11965;12163;7994
MOEX;D;230626;000000;12241;13265;12000;12218;13446
MOEX;D;230627;000000;12220;12460;12131;12400;2188
MOEX;D;230628;000000;12414;12489;12277;12476;2461
MOEX;D;230629;000000;12479;12600;12447;12539;2712
MOEX;D;230630;000000;12540;12569;12291;12437;5154
MOEX;D;230703;000000;12438;12502;12299;12315;3299
MOEX;D;230704;000000;12331;12378;12164;12196;2964
MOEX;D;230705;000000;12250;12391;12222;12357;1741
MOEX;D;230706;000000;12375;12520;12324;12440;2708
MOEX;D;230707;000000;12433;12480;12339;12364;1184
MOEX;D;230710;000000;12364;12541;12345;12516;2534
MOEX;D;230711;000000;12540;12588;12430;12495;1586
MOEX;D;230712;000000;12493;12811;12493;12710;4983
MOEX;D;230713;000000;12733;13456;12500;12617;6112
MOEX;D;230714;000000;12609;12749;12477;12674;1995
MOEX;D;230717;000000;12645;12873;12528;12798;3260
MOEX;D;230718;000000;12800;13009;12650;12954;4446
MOEX;D;230719;000000;12954;13029;12655;12779;5483
MOEX;D;230720;000000;12824;12824;12480;12601;4162
MOEX;D;230721;000000;12564;12755;12433;12711;4138
MOEX;D;230724;000000;12685;12772;12624;12687;1585
MOEX;D;230725;000000;12691;13180;12672;13155;4659
MOEX;D;230726;000000;13180;13615;13001;13286;7519
MOEX;D;230727;000000;13297;13485;13146;13208;3124
MOEX;D;230728;000000;13262;13340;13125;13233;2716
MOEX;D;230731;000000;13285;13580;13212;13481;5152
MOEX;D;230801;000000;13486;13672;13329;13631;6005
MOEX;D;230802;000000;13659;13694;13530;13578;2938
MOEX;D;230803;000000;13611;13617;13400;13513;3950
MOEX;D;230804;000000;13502;13665;12704;13226;11706
MOEX;D;230807;000000;13275;13397;12903;13131;4150
MOEX;D;230808;000000;13084;13394;12903;13303;3861
MOEX;D;230809;000000;13267;13382;13151;13248;1987
MOEX;D;230810;000000;13258;13769;13218;13699;4134
MOEX;D;230811;000000;13747;13805;13501;13638;2295
MOEX;D;230814;000000;13650;13854;13254;13427;7156
MOEX;D;230815;000000;13375;14310;13156;14030;10707
MOEX;D;230816;000000;14100;14245;13743;14010;8515
MOEX;D;230817;000000;14000;14687;13945;14625;13132
MOEX;D;230818;000000;14624;15469;14550;15400;15418
MOEX;D;230821;000000;15432;15500;15250;15333;6354
MOEX;D;230822;000000;15333;15738;15248;15688;6851
MOEX;D;230823;000000;15707;15845;15025;15119;15854
MOEX;D;230824;000000;15115;15546;15115;15456;5639
MOEX;D;230825;000000;15430;15648;15296;15563;4025
MOEX;D;230828;000000;15610;16200;15610;16133;11635
MOEX;D;230829;000000;16141;16297;16073;16271;6957
MOEX;D;230830;000000;16280;16999;16222;16946;13083
MOEX;D;230831;000000;16946;17368;16925;17264;14355
MOEX;D;230901;000000;17286;17326;16789;17123;10487
MOEX;D;230904;000000;17243;17700;17140;17221;14125
MOEX;D;230905;000000;17250;17348;16971;17078;10099
MOEX;D;230906;000000;17078;17298;17019;17222;11011
MOEX;D;230907;000000;17250;17614;16830;16985;22659
MOEX;D;230908;000000;16991;17068;16561;16822;9980
MOEX;D;230911;000000;16750;17072;16537;16882;8014
MOEX;D;230912;000000;16897;17245;16870;17191;10478
MOEX;D;230913;000000;17151;17151;16926;17014;1997
MOEX;D;230914;000000;16963;17110;16689;16999;6443
MOEX;D;230915;000000;17013;17893;16983;17803;8589
MOEX;D;230918;000000;17803;17989;17450;17582;8760
MOEX;D;230919;000000;17519;17577;17089;17242;7188
MOEX;D;230920;000000;17567;17701;17280;17429;3609
MOEX;D;230921;000000;17429;17567;17204;17440;7002
MOEX;D;230922;000000;17470;18499;17320;18496;11421
MOEX;D;230925;000000;18474;18499;18102;18308;12397
MOEX;D;230926;000000;18333;18900;18260;18592;15647
MOEX;D;230927;000000;18615;18739;18508;18654;7175
MOEX;D;230928;000000;18655;18700;18016;18186;19477
MOEX;D;230929;000000;18217;18351;17872;18240;6826
MOEX;D;231002;000000;18270;18585;18266;18545;6503
MOEX;D;231003;000000;18521;18545;18170;18539;8796
MOEX;D;231004;000000;18549;18630;18323;18323;6021
MOEX;D;231005;000000;18358;18696;18294;18606;7003
MOEX;D;231006;000000;18680;18700;18404;18589;3852
MOEX;D;231009;000000;18553;18689;18417;18451;3858
MOEX;D;231010;000000;18500;18600;18331;18565;4256
MOEX;D;231011;000000;18596;18723;18224;18235;7714
MOEX;D;231012;000000;18271;18977;18203;18977;10943
MOEX;D;231013;000000;18970;19019;18681;18895;6213
MOEX;D;231016;000000;18909;19190;18822;19165;6170
MOEX;D;231017;000000;19168;19490;19031;19377;6164
MOEX;D;231018;000000;19407;19459;19101;19302;4074
MOEX;D;231019;000000;19302;19412;19115;19334;3383
MOEX;D;231020;000000;19345;19389;19107;19159;5462
MOEX;D;231023;000000;19154;19157;18810;18959;4810
MOEX;D;231024;000000;18950;19266;18816;19126;4342
MOEX;D;231025;000000;19129;19129;18886;19021;2418
MOEX;D;231026;000000;19040;19076;18784;19069;2753
MOEX;D;231027;000000;19028;19546;18995;19398;10136
MOEX;D;231030;000000;19410;19635;19269;19386;5029
MOEX;D;231031;000000;19381;19460;19056;19214;4235
MOEX;D;231101;000000;19192;19464;19192;19460;2541
MOEX;D;231102;000000;19460;20058;19420;20039;11436
MOEX;D;231103;000000;20039;20700;19904;20570;16047
MOEX;D;231106;000000;20571;20929;20440;20667;9572
MOEX;D;231107;000000;20641;20882;20427;20724;8426
MOEX;D;231108;000000;20701;20890;20456;20630;6640
MOEX;D;231109;000000;20615;20800;20514;20698;5673
MOEX;D;231110;000000;20689;21379;20657;21300;8863
MOEX;D;231113;000000;21303;21449;20211;20388;16208
MOEX;D;231114;000000;20519;20519;19990;20081;17841
MOEX;D;231115;000000;20076;20556;19719;20462;18582
MOEX;D;231116;000000;20477;20770;20311;20449;8174
MOEX;D;231117;000000;20440;20530;20245;20459;3907
MOEX;D;231120;000000;20438;20541;20323;20390;2659
MOEX;D;231121;000000;20344;20845;20333;20805;6171
MOEX;D;231122;000000;20797;21009;20795;20952;6470
MOEX;D;231123;000000;20948;20952;20681;20767;2903
MOEX;D;231124;000000;20770;20939;20615;20763;5013
MOEX;D;231127;000000;20764;21196;20701;21060;7148
MOEX;D;231128;000000;21060;21148;20223;20405;22110
MOEX;D;231129;000000;20468;20544;20250;20329;3837
MOEX;D;231130;000000;20272;20318;20004;20109;5255
MOEX;D;231201;000000;20160;20239;19941;20093;2785
MOEX;D;231204;000000;20093;20388;19769;20197;6928
MOEX;D;231205;000000;20250;20495;20005;20450;3824
MOEX;D;231206;000000;20450;20591;19950;19986;5853
MOEX;D;231207;000000;19986;20200;19573;19857;6735
MOEX;D;231208;000000;19880;20113;19841;19988;2326
MOEX;D;231211;000000;19960;20084;18377;19097;12198
MOEX;D;231212;000000;19067;19199;18593;18700;9286
MOEX;D;231213;000000;18709;19000;18553;18858;4063
MOEX;D;231214;000000;18860;19436;18860;19245;7439
MOEX;D;231215;000000;19231;19725;19175;19501;5892
MOEX;D;231218;000000;19556;20335;19500;20216;4632
MOEX;D;231219;000000;20310;20640;19836;20099;5844
MOEX;D;231220;000000;20876;21106;20729;20793;3947
MOEX;D;231221;000000;20800;20860;20166;20200;4559
MOEX;D;231222;000000;20169;20455;20042;20212;5962
MOEX;D;231225;000000;20190;20348;19919;20029;6148
MOEX;D;231226;000000;20069;20120;19854;20006;2873
MOEX;D;231227;000000;20006;20060;19734;19791;2412
MOEX;D;231228;000000;19785;19872;19524;19692;2599
MOEX;D;231229;000000;19768;19844;19546;19700;1743
MOEX;D;240103;000000;19701;20297;19701;20224;4472
MOEX;D;240104;000000;20224;20304;19995;20047;3282
MOEX;D;240105;000000;20027;20113;19884;19975;1434
MOEX;D;240108;000000;19991;20068;19923;20018;2042
MOEX;D;240109;000000;20010;20163;19960;20107;2099
MOEX;D;240110;000000;20128;20189;19924;19986;2523
MOEX;D;240111;000000;20001;20046;19766;19892;2363
MOEX;D;240112;000000;19881;19965;19800;19865;2037
MOEX;D;240115;000000;19872;20052;19872;20052;2397
MOEX;D;240116;000000;20051;20068;19679;19769;4079
MOEX;D;240117;000000;19754;19903;19712;19850;2817
MOEX;D;240118;000000;19851;20133;19814;19925;3515
MOEX;D;240119;000000;19995;20020;19756;19855;1994
MOEX;D;240122;000000;19892;20495;19804;20460;5759
MOEX;D;240123;000000;20460;20690;20210;20318;6224
MOEX;D;240124;000000;20318;20454;20144;20400;2102
MOEX;D;240125;000000;20410;20498;20082;20228;2476
MOEX;D;240126;000000;20252;20398;20133;20299;1837
MOEX;D;240129;000000;20336;21478;20336;20944;11867
MOEX;D;240130;000000;20806;21047;20750;20820;4321
MOEX;D;240131;000000;20820;20932;20588;20785;3270
MOEX;D;240201;000000;20857;21027;20753;20933;1877
MOEX;D;240202;000000;20985;21052;20635;20719;4544
MOEX;D;240205;000000;20720;20826;20403;20491;3092
MOEX;D;240206;000000;20535;20647;20401;20540;2903
MOEX;D;240207;000000;20489;20842;20389;20721;3831
MOEX;D;240208;000000;20767;20767;20011;20230;6013
MOEX;D;240209;000000;20229;20471;20090;20266;2671
MOEX;D;240212;000000;20262;20383;20140;20270;3037
MOEX;D;240213;000000;20319;20519;20280;20369;3565
MOEX;D;240214;000000;20381;20480;20175;20183;2098
MOEX;D;240215;000000;20264;20281;20043;20168;2145
MOEX;D;240216;000000;20236;20276;19818;19865;4377
MOEX;D;240219;000000;19808;20191;19751;19998;4518
MOEX;D;240220;000000;19941;19996;19121;19233;4304
MOEX;D;240221;000000;19200;19482;19012;19285;18797
MOEX;D;240222;000000;19264;19395;18600;19350;15396
MOEX;D;240226;000000;19828;20300;19706;19969;15867
MOEX;D;240227;000000;19997;20437;19913;20149;7220
MOEX;D;240228;000000;20155;20299;20033;20160;3528
MOEX;D;240229;000000;20183;20319;20004;20182;3373
MOEX;D;240301;000000;20165;20250;20034;20145;2018
MOEX;D;240304;000000;20200;20325;20100;20251;3722
MOEX;D;240305;000000;20327;20846;20044;20816;14083
MOEX;D;240306;000000;20816;20865;20621;20676;4189
MOEX;D;240307;000000;20667;20996;20582;20996;3345
MOEX;D;240311;000000;20996;21170;20829;20944;3122
MOEX;D;240312;000000;20990;20994;20729;20969;2866
MOEX;D;240313;000000;20927;20966;20826;20875;1523
MOEX;D;240314;000000;20850;20879;20690;20845;3330
MOEX;D;240315;000000;20761;21169;20732;21122;3402
MOEX;D;240318;000000;21120;21170;20833;20912;2513
MOEX;D;240319;000000;20906;21000;20758;20900;3143
MOEX;D;240320;000000;20350;20750;20263;20750;2899
MOEX;D;240321;000000;20777;20962;20653;20740;2078
MOEX;D;240322;000000;20791;21160;20501;20629;7869
MOEX;D;240325;000000;20700;20928;20543;20861;3066
MOEX;D;240326;000000;20905;21109;20752;20920;3134
MOEX;D;240327;000000;20970;21350;20904;21340;3197
MOEX;D;240328;000000;21327;21630;21080;21209;3074
MOEX;D;240329;000000;21222;21586;21104;21479;2962
MOEX;D;240401;000000;21522;21702;21189;21691;3384
MOEX;D;240402;000000;21690;22100;21602;22069;3371
MOEX;D;240403;000000;22067;22147;21940;22008;1894
MOEX;D;240404;000000;22007;22010;21756;21817;1868
MOEX;D;240405;000000;21723;22295;21723;22204;2344
MOEX;D;240408;000000;22272;22495;22078;22161;3177
MOEX;D;240409;000000;22198;22405;22040;22245;5234
MOEX;D;240410;000000;22180;22252;22044;22120;3061
MOEX;D;240411;000000;22161;22197;21794;21925;4274
MOEX;D;240412;000000;21923;22364;21875;22270;2358
MOEX;D;240415;000000;22269;22356;22075;22192;1831
MOEX;D;240416;000000;22192;22192;21899;22078;1688
MOEX;D;240417;000000;22079;22140;21950;22014;1828
MOEX;D;240418;000000;22034;22737;21727;21962;4958
MOEX;D;240419;000000;21965;21973;21766;21930;2255
MOEX;D;240422;000000;21980;21981;21752;21874;1712
MOEX;D;240423;000000;21852;21989;21471;21589;3624
MOEX;D;240424;000000;21562;21646;21447;21560;2466
MOEX;D;240425;000000;21570;22379;21498;22090;9581
MOEX;D;240426;000000;22096;22315;21974;22255;4599
MOEX;D;240427;000000;22255;22451;22236;22400;2514
MOEX;D;240429;000000;22444;22733;22328;22578;2919
MOEX;D;240430;000000;22584;22700;22302;22665;2109
MOEX;D;240502;000000;22662;22766;22480;22596;2454
MOEX;D;240503;000000;22596;22599;22372;22509;1671
MOEX;D;240506;000000;22496;22536;21828;21955;3397
MOEX;D;240507;000000;21950;22320;21885;22318;6206
MOEX;D;240508;000000;22319;22319;21976;22079;3073
MOEX;D;240510;000000;22075;22282;22033;22220;2333
MOEX;D;240513;000000;22250;22405;21992;22195;5298
MOEX;D;240514;000000;22118;22330;22118;22261;2228
MOEX;D;240515;000000;22316;22468;22067;22287;2580
MOEX;D;240516;000000;22300;22758;22230;22690;3180
MOEX;D;240517;000000;22722;22877;22586;22756;2889
MOEX;D;240520;000000;22795;23065;22146;22585;4546
MOEX;D;240521;000000;22600;22849;22460;22781;2071
MOEX;D;240522;000000;22821;22905;22585;22648;2204
MOEX;D;240523;000000;22604;22758;22352;22602;2988
MOEX;D;240524;000000;22601;22662;22400;22616;1927
MOEX;D;240527;000000;22633;22899;22371;22502;4043
MOEX;D;240528;000000;22613;22958;22079;22769;6613
MOEX;D;240529;000000;22671;23432;22671;23337;8169
MOEX;D;240530;000000;23332;23552;23013;23226;6389
MOEX;D;240531;000000;23145;23416;21983;22496;11889
MOEX;D;240603;000000;22600;23186;22089;22537;11350
MOEX;D;240604;000000;22512;23536;22397;23499;11842
MOEX;D;240605;000000;23500;23673;23175;23448;6400
MOEX;D;240606;000000;23423;23779;23273;23505;6580
MOEX;D;240607;000000;23473;23819;23160;23347;11675
MOEX;D;240610;000000;23350;23472;23049;23277;3017
MOEX;D;240611;000000;23308;23693;23080;23663;5500
MOEX;D;240613;000000;21576;23317;21430;23310;40247
MOEX;D;240614;000000;23335;24156;23300;24119;22482
MOEX;D;240617;000000;24119;24300;23529;23621;8551
MOEX;D;240618;000000;23621;23663;22763;23086;13910
MOEX;D;240619;000000;24093;24575;23685;24067;7701
MOEX;D;240620;000000;24100;24429;23751;24333;3820
MOEX;D;240621;000000;24289;24389;23450;23489;5227
MOEX;D;240624;000000;23450;23720;22950;23063;6671
MOEX;D;240625;000000;23042;23691;22872;23587;7247
MOEX;D;240626;000000;23664;23912;23546;23793;11583
MOEX;D;240627;000000;23849;23954;23673;23773;2397
MOEX;D;240628;000000;23771;23835;23687;23800;7025
MOEX;D;240701;000000;23850;24129;23803;24088;3083
MOEX;D;240702;000000;24129;24867;24129;24732;4795
MOEX;D;240703;000000;24686;24899;24317;24348;6679
MOEX;D;240704;000000;24348;24849;24223;24393;5325
MOEX;D;240705;000000;24400;24525;23850;24479;6818
MOEX;D;240708;000000;24514;24751;24050;24050;5591
MOEX;D;240709;000000;24144;24144;23400;23662;9182
MOEX;D;240710;000000;23631;23683;23000;23121;29866
MOEX;D;240711;000000;23024;24003;22972;23857;15798
MOEX;D;240712;000000;23894;23932;23253;23599;10162
MOEX;D;240715;000000;23644;23753;23203;23358;14560
MOEX;D;240716;000000;23373;23570;23057;23367;13323
MOEX;D;240717;000000;23400;23648;23304;23427;3720
MOEX;D;240718;000000;23484;23744;23381;23744;3018
MOEX;D;240719;000000;23680;24050;23583;23994;5391
MOEX;D;240722;000000;24104;24294;23871;24276;2982
MOEX;D;240723;000000;24284;24296;23718;23856;8056
MOEX;D;240724;000000;23825;23899;23512;23800;7842
MOEX;D;240725;000000;23755;24054;23523;23784;6335
MOEX;D;240726;000000;23850;24779;23784;24511;32660
MOEX;D;240729;000000;24549;24942;23848;24068;13790
MOEX;D;240730;000000;24083;24224;23791;23921;5988
MOEX;D;240731;000000;23944;23959;23610;23795;3489
MOEX;D;240801;000000;23814;24083;23434;23489;4190
MOEX;D;240802;000000;23508;23768;23252;23579;6661
MOEX;D;240805;000000;23330;23442;22648;22860;10773
MOEX;D;240806;000000;23157;23300;22923;23118;3889
MOEX;D;240807;000000;23131;23263;22750;23169;6808
MOEX;D;240808;000000;23173;23496;23094;23206;3493
MOEX;D;240809;000000;23182;23225;23002;23045;1933
MOEX;D;240812;000000;23029;23348;22815;23310;5127
MOEX;D;240813;000000;23280;23328;22941;23103;2597
MOEX;D;240814;000000;23103;23117;22750;22781;5112
MOEX;D;240815;000000;22781;22938;22512;22755;7612
MOEX;D;240816;000000;22775;22845;22359;22496;2255
MOEX;D;240819;000000;22519;22604;21604;21752;11739
MOEX;D;240820;000000;21814;21870;21300;21434;8845
MOEX;D;240821;000000;21445;21571;21102;21317;5118
MOEX;D;240822;000000;21333;21663;21208;21360;5406
MOEX;D;240823;000000;21360;21394;20655;20918;7955
MOEX;D;240826;000000;21539;22036;21131;21777;11526
MOEX;D;240827;000000;21809;21813;21169;21254;3949
MOEX;D;240828;000000;21244;21326;20950;21247;5325
MOEX;D;240829;000000;21246;21247;20857;20991;4522
MOEX;D;240830;000000;20989;21133;20291;20458;6089
MOEX;D;240902;000000;20361;20361;19312;19426;13662
MOEX;D;240903;000000;19493;19807;19125;19481;10038
MOEX;D;240904;000000;19532;20329;19439;20240;5964
MOEX;D;240905;000000;20281;20499;19750;19872;6368
MOEX;D;240906;000000;19891;20056;19458;20003;4988
MOEX;D;240909;000000;20047;21067;20047;21063;6553
MOEX;D;240910;000000;21050;21179;20402;20752;6899
MOEX;D;240911;000000;20752;20826;20440;20602;5751
MOEX;D;240912;000000;20589;20625;20173;20606;6623
MOEX;D;240913;000000;20624;21084;20292;20947;9849
MOEX;D;240916;000000;21006;21670;21006;21551;7761
MOEX;D;240917;000000;21601;21720;21387;21609;4194
MOEX;D;240918;000000;22573;22580;21726;21948;3624
MOEX;D;240919;000000;21960;22225;21749;22117;2557
MOEX;D;240920;000000;22223;22512;22193;22436;6131
MOEX;D;240923;000000;22449;22904;22401;22820;5633
MOEX;D;240924;000000;22820;22889;22335;22648;4595
MOEX;D;240925;000000;22669;23061;22420;22608;7207
MOEX;D;240926;000000;22606;22670;22213;22307;4333
MOEX;D;240927;000000;22280;22913;22000;22785;4524
MOEX;D;240930;000000;22800;23165;22630;22656;3002
MOEX;D;241001;000000;22679;22841;22286;22444;4893
MOEX;D;241002;000000;22475;22638;22058;22094;4920
MOEX;D;241003;000000;22096;22213;21680;22031;5724
MOEX;D;241004;000000;22006;22411;21893;22026;4827
MOEX;D;241007;000000;22058;22191;21660;21848;4110
MOEX;D;241008;000000;21849;22264;21741;22017;4651
MOEX;D;241009;000000;22046;22092;21850;21923;3554
MOEX;D;241010;000000;21989;22099;21790;21874;2923
MOEX;D;241011;000000;21874;21874;21312;21396;6535
MOEX;D;241014;000000;21400;21777;20796;21656;11430
MOEX;D;241015;000000;21643;21866;21502;21718;5116
MOEX;D;241016;000000;21717;21883;21498;21709;3348
MOEX;D;241017;000000;21720;21720;21329;21395;1749
MOEX;D;241018;000000;21395;21545;20973;21190;3651
MOEX;D;241021;000000;21227;21245;21102;21155;1387
MOEX;D;241022;000000;21154;21251;20926;20997;3123
MOEX;D;241023;000000;20967;20990;20672;20711;2736
MOEX;D;241024;000000;20720;20860;20405;20829;6116
MOEX;D;241025;000000;20856;21223;20488;20628;13933
MOEX;D;241028;000000;20588;20720;19738;20108;9089
MOEX;D;241029;000000;20111;20230;19689;20109;6647
MOEX;D;241030;000000;20110;20340;19732;19793;4739
MOEX;D;241031;000000;19817;19948;19096;19383;7480
MOEX;D;241101;000000;19383;19444;18977;19322;6756
